class,intensity_idx,n,mean_delta_cost,ci_low,ci_high
class1_dropout,0,5,0.0,0.0,0.0
class1_dropout,1,5,0.0,0.0,0.0
class1_dropout,2,5,3.0,0.0,9.0
class1_dropout,3,5,0.0,0.0,0.0
class2_frozen,0,5,0.0,0.0,0.0
class2_frozen,1,5,0.0,0.0,0.0
class2_frozen,2,5,0.0,0.0,0.0
class2_frozen,3,5,0.0,0.0,0.0
class3_stale,0,5,0.0,0.0,0.0
class3_stale,1,5,0.0,0.0,0.0
class3_stale,2,5,0.0,0.0,0.0
class3_stale,3,5,0.0,0.0,0.0
class4_capacity,0,5,0.0,0.0,0.0
class4_capacity,1,5,0.0,0.0,0.0
class4_capacity,2,5,0.0,0.0,0.0
class4_capacity,3,5,0.0,0.0,0.0
class5_jump,0,5,1092.030716666665,951.0565833333312,1233.004849999999
class5_jump,1,5,2238.0339499999973,2057.893299583331,2427.0258666666646
class5_jump,2,5,3759.017783333332,3585.0598166666664,3932.975749999998
class5_jump,3,5,6033.282916666665,5772.268366666665,6234.300699999999
class6_silent,0,5,4.091783333334024,3.386916666667821,4.833833333333314
class6_silent,1,5,11.23744999999908,8.925616666667338,12.912316666664992
class6_silent,2,5,23.428733333333366,18.40736666666635,28.450100000000383
class6_silent,3,5,42.33564999999798,33.62666666666555,51.0333166666649
