experiment_id,class,intensity_idx,seed,n_rows,n_flips,n_rows_missing_in_corrupted,flip_rate,forecast_error,n_dispatches_clean,n_dispatches_corrupted,delta_cost,delta_cost_recovered,recovery_rate
class1_dropout__i0__seed0,class1_dropout,0,0,360541,0,9,0.0,2.6308031251339438e-08,1313,1313,0.0,,
class1_dropout__i0__seed1,class1_dropout,0,1,360541,0,0,0.0,0.0,1313,1313,0.0,,
class1_dropout__i0__seed2,class1_dropout,0,2,360541,0,9,0.0,0.0,1313,1313,0.0,,
class1_dropout__i0__seed3,class1_dropout,0,3,360541,0,10,0.0,0.0,1313,1313,0.0,,
class1_dropout__i0__seed4,class1_dropout,0,4,360541,0,9,0.0,0.0,1313,1313,0.0,,
class1_dropout__i1__seed0,class1_dropout,1,0,360541,0,30,0.0,0.0,1313,1313,0.0,,
class1_dropout__i1__seed1,class1_dropout,1,1,360541,0,0,0.0,0.0,1313,1313,0.0,,
class1_dropout__i1__seed2,class1_dropout,1,2,360541,0,28,0.0,0.0,1313,1313,0.0,,
class1_dropout__i1__seed3,class1_dropout,1,3,360541,0,30,0.0,0.0,1313,1313,0.0,,
class1_dropout__i1__seed4,class1_dropout,1,4,360541,0,29,0.0,0.0,1313,1313,0.0,,
class1_dropout__i2__seed0,class1_dropout,2,0,360541,0,33,0.0,0.0,1313,1313,0.0,,
class1_dropout__i2__seed1,class1_dropout,2,1,360541,0,56,0.0,0.0,1313,1313,0.0,,
class1_dropout__i2__seed2,class1_dropout,2,2,360541,0,103,0.0,0.0,1313,1313,0.0,,
class1_dropout__i2__seed3,class1_dropout,2,3,360541,44,107,0.00012203882498800414,0.0,1313,1314,15.0,,
class1_dropout__i2__seed4,class1_dropout,2,4,360541,0,116,0.0,0.0,1313,1313,0.0,,
class1_dropout__i3__seed0,class1_dropout,3,0,360541,0,183,0.0,0.0,1313,1313,0.0,,
class1_dropout__i3__seed1,class1_dropout,3,1,360541,0,134,0.0,0.0,1313,1313,0.0,,
class1_dropout__i3__seed2,class1_dropout,3,2,360541,0,302,0.0,0.0,1313,1313,0.0,,
class1_dropout__i3__seed3,class1_dropout,3,3,360541,0,273,0.0,0.0,1313,1313,0.0,,
class1_dropout__i3__seed4,class1_dropout,3,4,360541,0,201,0.0,0.0,1313,1313,0.0,,
class2_frozen__i0__seed0,class2_frozen,0,0,360541,0,0,0.0,0.0,1313,1313,0.0,-15.048500000000786,
class2_frozen__i0__seed1,class2_frozen,0,1,360541,0,0,0.0,0.0,1313,1313,0.0,-15.048500000000786,
class2_frozen__i0__seed2,class2_frozen,0,2,360541,0,0,0.0,0.0,1313,1313,0.0,-15.048500000000786,
class2_frozen__i0__seed3,class2_frozen,0,3,360541,0,0,0.0,0.0,1313,1313,0.0,-15.048500000000786,
class2_frozen__i0__seed4,class2_frozen,0,4,360541,0,0,0.0,0.0,1313,1313,0.0,-15.048500000000786,
class2_frozen__i1__seed0,class2_frozen,1,0,360541,0,0,0.0,0.0,1313,1313,0.0,-15.048500000000786,
class2_frozen__i1__seed1,class2_frozen,1,1,360541,0,0,0.0,0.0,1313,1313,0.0,-15.048500000000786,
class2_frozen__i1__seed2,class2_frozen,1,2,360541,0,0,0.0,8.053763083274537e-08,1313,1313,0.0,-15.048500000000786,
class2_frozen__i1__seed3,class2_frozen,1,3,360541,0,0,0.0,0.0,1313,1313,0.0,-15.048500000000786,
class2_frozen__i1__seed4,class2_frozen,1,4,360541,0,0,0.0,0.0,1313,1313,0.0,-15.048500000000786,
class2_frozen__i2__seed0,class2_frozen,2,0,360541,0,0,0.0,5.554752620237712e-07,1313,1313,0.0,-15.048500000000786,
class2_frozen__i2__seed1,class2_frozen,2,1,360541,0,0,0.0,0.0,1313,1313,0.0,-15.048500000000786,
class2_frozen__i2__seed2,class2_frozen,2,2,360541,0,0,0.0,8.053763083274537e-08,1313,1313,0.0,-15.048500000000786,
class2_frozen__i2__seed3,class2_frozen,2,3,360541,0,0,0.0,0.0,1313,1313,0.0,-15.048500000000786,
class2_frozen__i2__seed4,class2_frozen,2,4,360541,0,0,0.0,1.1771892958436925e-07,1313,1313,0.0,-15.048500000000786,
class2_frozen__i3__seed0,class2_frozen,3,0,360541,0,0,0.0,9.276895638848204e-07,1313,1313,0.0,-15.048500000000786,
class2_frozen__i3__seed1,class2_frozen,3,1,360541,0,0,0.0,0.0,1313,1313,0.0,-15.048500000000786,
class2_frozen__i3__seed2,class2_frozen,3,2,360541,0,0,0.0,8.053763083274537e-08,1313,1313,0.0,-15.048500000000786,
class2_frozen__i3__seed3,class2_frozen,3,3,360541,0,0,0.0,3.2114944862420256e-07,1313,1313,0.0,-15.048500000000786,
class2_frozen__i3__seed4,class2_frozen,3,4,360541,0,0,0.0,4.6888596792530366e-07,1313,1313,0.0,-15.048500000000786,
class3_stale__i0__seed0,class3_stale,0,0,360541,0,0,0.0,0.0,1313,1313,0.0,,
class3_stale__i0__seed1,class3_stale,0,1,360541,0,0,0.0,0.0,1313,1313,0.0,,
class3_stale__i0__seed2,class3_stale,0,2,360541,0,0,0.0,0.0,1313,1313,0.0,,
class3_stale__i0__seed3,class3_stale,0,3,360541,0,0,0.0,0.0,1313,1313,0.0,,
class3_stale__i0__seed4,class3_stale,0,4,360541,0,0,0.0,0.0,1313,1313,0.0,,
class3_stale__i1__seed0,class3_stale,1,0,360541,0,0,0.0,0.0,1313,1313,0.0,,
class3_stale__i1__seed1,class3_stale,1,1,360541,0,0,0.0,0.0,1313,1313,0.0,,
class3_stale__i1__seed2,class3_stale,1,2,360541,0,0,0.0,0.0,1313,1313,0.0,,
class3_stale__i1__seed3,class3_stale,1,3,360541,0,0,0.0,0.0,1313,1313,0.0,,
class3_stale__i1__seed4,class3_stale,1,4,360541,0,0,0.0,0.0,1313,1313,0.0,,
class3_stale__i2__seed0,class3_stale,2,0,360541,0,0,0.0,0.0,1313,1313,0.0,,
class3_stale__i2__seed1,class3_stale,2,1,360541,0,0,0.0,1.7257488081952585e-07,1313,1313,0.0,,
class3_stale__i2__seed2,class3_stale,2,2,360541,0,0,0.0,0.0,1313,1313,0.0,,
class3_stale__i2__seed3,class3_stale,2,3,360541,0,0,0.0,0.0,1313,1313,0.0,,
class3_stale__i2__seed4,class3_stale,2,4,360541,0,0,0.0,0.0,1313,1313,0.0,,
class3_stale__i3__seed0,class3_stale,3,0,360541,0,0,0.0,0.0,1313,1313,0.0,,
class3_stale__i3__seed1,class3_stale,3,1,360541,0,35,0.0,6.592446389148332e-05,1313,1313,0.0,,
class3_stale__i3__seed2,class3_stale,3,2,360541,0,0,0.0,0.0,1313,1313,0.0,,
class3_stale__i3__seed3,class3_stale,3,3,360541,0,0,0.0,0.0,1313,1313,0.0,,
class3_stale__i3__seed4,class3_stale,3,4,360541,0,0,0.0,7.568117145463832e-05,1313,1313,0.0,,
class4_capacity__i0__seed0,class4_capacity,0,0,360541,0,0,0.0,1.0069206706116807e-06,1313,1313,0.0,0.0,
class4_capacity__i0__seed1,class4_capacity,0,1,360541,0,0,0.0,0.0,1313,1313,0.0,0.0,
class4_capacity__i0__seed2,class4_capacity,0,2,360541,0,0,0.0,1.5699971321681937e-05,1313,1313,0.0,0.0,
class4_capacity__i0__seed3,class4_capacity,0,3,360541,0,0,0.0,7.211055530938716e-06,1313,1313,0.0,0.0,
class4_capacity__i0__seed4,class4_capacity,0,4,360541,0,0,0.0,0.0,1313,1313,0.0,0.0,
class4_capacity__i1__seed0,class4_capacity,1,0,360541,0,0,0.0,2.3232617271729095e-06,1313,1313,0.0,0.0,
class4_capacity__i1__seed1,class4_capacity,1,1,360541,0,0,0.0,0.0,1313,1313,0.0,0.0,
class4_capacity__i1__seed2,class4_capacity,1,2,360541,0,0,0.0,3.8468238386842186e-05,1313,1313,0.0,0.0,
class4_capacity__i1__seed3,class4_capacity,1,3,360541,0,0,0.0,1.7951989709459892e-05,1313,1313,0.0,0.0,
class4_capacity__i1__seed4,class4_capacity,1,4,360541,0,0,0.0,0.0,1313,1313,0.0,0.0,
class4_capacity__i2__seed0,class4_capacity,2,0,360541,0,0,0.0,4.078190923846419e-06,1313,1313,0.0,0.0,
class4_capacity__i2__seed1,class4_capacity,2,1,360541,0,0,0.0,0.0,1313,1313,0.0,0.0,
class4_capacity__i2__seed2,class4_capacity,2,2,360541,0,0,0.0,7.36468993695737e-05,1313,1313,0.0,0.0,
class4_capacity__i2__seed3,class4_capacity,2,3,360541,0,0,0.0,3.555933876027758e-05,1313,1313,0.0,0.0,
class4_capacity__i2__seed4,class4_capacity,2,4,360541,0,0,0.0,0.0,1313,1313,0.0,0.0,
class4_capacity__i3__seed0,class4_capacity,3,0,360541,0,0,0.0,6.378519788698669e-06,1313,1313,0.0,0.0,
class4_capacity__i3__seed1,class4_capacity,3,1,360541,0,0,0.0,0.0,1313,1313,0.0,0.0,
class4_capacity__i3__seed2,class4_capacity,3,2,360541,0,0,0.0,0.00013087312471619255,1313,1313,0.0,0.0,
class4_capacity__i3__seed3,class4_capacity,3,3,360541,0,0,0.0,6.839267473681261e-05,1313,1313,0.0,0.0,
class4_capacity__i3__seed4,class4_capacity,3,4,360541,0,0,0.0,0.0,1313,1313,0.0,0.0,
class5_jump__i0__seed0,class5_jump,0,0,360541,120,0,0.0003328331590581931,0.001291747449511613,1313,1396,1244.9838333333319,105.0161666666645,0.915648570001513
class5_jump__i0__seed1,class5_jump,0,1,360541,79,0,0.0002191151630466438,0.0012927669777348125,1313,1370,855.0404166666631,90.02424999999494,0.8947134565276452
class5_jump__i0__seed2,class5_jump,0,2,360541,119,0,0.00033005954939937485,0.0012858629768603591,1313,1388,1124.991916666666,105.00808333333043,0.9066588108077542
class5_jump__i0__seed3,class5_jump,0,3,360541,115,0,0.0003189651107641017,0.0012802178874305144,1313,1398,1275.0323333333326,180.05658333332758,0.8587827315228913
class5_jump__i0__seed4,class5_jump,0,4,360541,95,0,0.0002634929175877362,0.001293737841034818,1313,1377,960.105083333332,60.0161666666645,0.9374900021794511
class5_jump__i1__seed0,class5_jump,1,0,360541,227,0,0.0006296093925517486,0.003034712179872543,1313,1476,2445.040416666663,120.02424999999494,0.9509111386536405
class5_jump__i1__seed1,class5_jump,1,1,360541,170,0,0.0004715136419991069,0.0030362886828103337,1313,1443,1950.0484999999971,105.06466666666165,0.9461220238026583
class5_jump__i1__seed2,class5_jump,1,2,360541,209,0,0.0005796844186930196,0.0030222441973878213,1313,1458,2174.9595833333296,135.0484999999935,0.9379075818075575
class5_jump__i1__seed3,class5_jump,1,3,360541,221,0,0.000612967734598839,0.0030041000360518638,1313,1482,2534.983833333332,105.06466666666165,0.9585541078072641
class5_jump__i1__seed4,class5_jump,1,4,360541,195,0,0.0005408538834695638,0.0030384977834600393,1313,1452,2085.1374166666646,45.0161666666645,0.9784109352664977
class5_jump__i2__seed0,class5_jump,2,0,360541,360,0,0.0009984994771745793,0.0054464084228444355,1313,1575,3930.0242499999986,194.97574999999415,0.9503881560018378
class5_jump__i2__seed1,class5_jump,2,1,360541,309,0,0.0008570453845748472,0.005448278462055482,1313,1556,3645.0889166666675,165.07274999999572,0.9547136561620697
class5_jump__i2__seed2,class5_jump,2,2,360541,349,0,0.0009679897709275783,0.005420676930010805,1313,1560,3704.9110833333325,240.0484999999935,0.9352080266973586
class5_jump__i2__seed3,class5_jump,2,3,360541,356,0,0.0009874050385393063,0.005381720470529288,1313,1583,4049.9595833333296,120.06466666666165,0.9703541074432545
class5_jump__i2__seed4,class5_jump,2,4,360541,332,0,0.0009208384067276676,0.005451242271734258,1313,1544,3465.105083333332,105.0161666666645,0.9696932231083618
class5_jump__i3__seed0,class5_jump,3,0,360541,519,0,0.0014395034129266852,0.008320223911800068,1313,1709,5940.234416666666,224.97574999999415,0.9621267892444153
class5_jump__i3__seed1,class5_jump,3,1,360541,512,0,0.0014200881453149572,0.008346548771905233,1313,1724,6165.379916666665,225.10508333332837,0.9634888544784063
class5_jump__i3__seed2,class5_jump,3,2,360541,549,0,0.0015227117026912335,0.00827573201635055,1313,1727,6210.274833333333,270.0565833333276,0.9565145519995649
class5_jump__i3__seed3,class5_jump,3,3,360541,543,0,0.0015060700447383237,0.008227650445341492,1313,1734,6315.234416666666,150.0808333333298,0.9762351128348857
class5_jump__i3__seed4,class5_jump,3,4,360541,492,0,0.0013646159521385917,0.008316986506748662,1313,1682,5535.290999999997,135.0161666666645,0.9756081176822204
class6_silent__i0__seed0,class6_silent,0,0,360541,0,0,0.0,0.0,1313,1313,3.7264166666682286,,0.0
class6_silent__i0__seed1,class6_silent,0,1,360541,0,0,0.0,0.0,1313,1313,5.496666666665988,,0.0
class6_silent__i0__seed2,class6_silent,0,2,360541,0,0,0.0,0.0,1313,1313,4.518583333334391,,0.0
class6_silent__i0__seed3,class6_silent,0,3,360541,0,0,0.0,0.0,1313,1313,2.87766666666721,,0.0
class6_silent__i0__seed4,class6_silent,0,4,360541,0,0,0.0,0.0,1313,1313,3.8395833333343035,,0.0
class6_silent__i1__seed0,class6_silent,1,0,360541,0,0,0.0,0.0,1313,1313,10.73466666666718,,0.0
class6_silent__i1__seed1,class6_silent,1,1,360541,0,0,0.0,0.0,1313,1313,12.601916666662873,,0.0
class6_silent__i1__seed2,class6_silent,1,2,360541,0,0,0.0,0.0,1313,1313,12.698916666664445,,0.0
class6_silent__i1__seed3,class6_silent,1,3,360541,0,0,0.0,0.0,1313,1313,6.8708333333343035,,0.0
class6_silent__i1__seed4,class6_silent,1,4,360541,0,0,0.0,0.0,1313,1313,13.280916666666599,,0.0
class6_silent__i2__seed0,class6_silent,2,0,360541,0,0,0.0,0.0,1313,1313,21.16216666666878,,0.0
class6_silent__i2__seed1,class6_silent,2,1,360541,0,0,0.0,0.0,1313,1313,20.790333333334274,,0.0
class6_silent__i2__seed2,class6_silent,2,2,360541,0,0,0.0,0.0,1313,1313,30.23166666666657,,0.0
class6_silent__i2__seed3,class6_silent,2,3,360541,0,0,0.0,0.0,1313,1313,14.646999999997206,,0.0
class6_silent__i2__seed4,class6_silent,2,4,360541,0,0,0.0,0.0,1313,1313,30.3125,,0.0
class6_silent__i3__seed0,class6_silent,3,0,360541,0,0,0.0,0.0,1313,1313,39.74574999999459,,0.0
class6_silent__i3__seed1,class6_silent,3,1,360541,0,0,0.0,0.0,1313,1313,32.13933333332898,,0.0
class6_silent__i3__seed2,class6_silent,3,2,360541,0,0,0.0,0.0,1313,1313,55.40316666666695,,0.0
class6_silent__i3__seed3,class6_silent,3,3,360541,0,0,0.0,0.0,1313,1313,32.0827500000014,,0.0
class6_silent__i3__seed4,class6_silent,3,4,360541,0,0,0.0,0.0,1313,1313,52.30724999999802,,0.0
