day,hour,n_jump,n_obs,log_exposure
2026-07-25,22,236,17920,9.793672686528922
2026-07-25,23,204,18560,9.828764006340192
2026-07-26,0,276,18880,9.84585843969949
2026-07-26,1,269,18880,9.84585843969949
2026-07-26,2,190,18880,9.84585843969949
2026-07-26,3,159,18880,9.84585843969949
2026-07-26,4,48,5760,8.658692753689937
2026-07-26,12,195,16320,9.700146628518098
2026-07-26,13,223,18880,9.84585843969949
2026-07-26,14,193,18880,9.84585843969949
2026-07-26,15,253,18560,9.828764006340192
2026-07-26,16,174,12480,9.43188264192342
2026-07-26,20,198,17280,9.757305042358047
2026-07-26,21,215,18880,9.84585843969949
2026-07-26,22,159,17920,9.793672686528922
2026-07-29,9,1,640,6.461468176353717
2026-07-29,10,333,18880,9.84585843969949
2026-07-29,11,388,18880,9.84585843969949
2026-07-29,12,384,18560,9.828764006340192
2026-07-29,13,451,18880,9.84585843969949
2026-07-29,14,218,13120,9.48189306249808
2026-07-29,15,130,7680,8.946374826141717
2026-07-29,16,340,18880,9.84585843969949
2026-07-29,17,385,18560,9.828764006340192
2026-07-29,18,200,7040,8.859363449152088
2026-07-29,22,52,4480,8.40737832540903
2026-07-29,23,199,18560,9.828764006340192
2026-07-30,0,228,18880,9.84585843969949
2026-07-30,1,173,18880,9.84585843969949
2026-07-30,2,121,15360,9.639522006701663
2026-07-30,9,180,7360,8.903815211722922
2026-07-30,10,287,18560,9.828764006340192
2026-07-30,11,297,18880,9.84585843969949
2026-07-30,12,199,11520,9.351839934249883
2026-07-30,15,200,13440,9.50599061407714
2026-07-30,16,266,18560,9.828764006340192
2026-07-30,17,520,18880,9.84585843969949
2026-07-30,18,126,2240,7.7142311448490855
2026-07-30,22,255,16320,9.700146628518098
2026-07-30,23,258,18880,9.84585843969949
2026-07-31,0,99,7680,8.946374826141717
2026-07-31,11,216,13760,9.529521111487334
2026-07-31,12,331,18880,9.84585843969949
2026-07-31,13,403,18560,9.828764006340192
2026-07-31,14,318,18880,9.84585843969949
2026-07-31,15,156,6720,8.812843433517195
2026-08-02,11,47,2560,7.847762537473608
2026-08-02,12,295,18560,9.828764006340192
2026-08-02,13,344,18880,9.84585843969949
2026-08-02,14,63,5120,8.540909718033554
2026-08-02,21,108,8640,9.064157861798101
2026-08-02,22,297,18560,9.828764006340192
2026-08-02,23,123,18530,9.827146319279406
2026-08-03,0,99,9251,9.132486932771318
2026-08-04,14,229,9600,9.169518377455928
2026-08-04,15,191,18880,9.84585843969949
2026-08-04,16,236,18560,9.828764006340192
2026-08-04,17,280,16000,9.680344001221918
2026-08-04,22,150,11520,9.351839934249883
2026-08-04,23,159,18880,9.84585843969949
2026-08-05,0,206,18560,9.828764006340192
2026-08-05,1,2,640,6.461468176353717
2026-08-05,13,173,10880,9.294681520409934
2026-08-05,14,251,18880,9.84585843969949
2026-08-05,15,252,18880,9.84585843969949
2026-08-05,16,3,320,5.768320995793772
2026-08-05,22,144,14720,9.596962392282867
2026-08-05,23,217,18880,9.84585843969949
2026-08-06,0,67,11840,9.379238908437996
2026-08-06,10,107,9600,9.169518377455928
2026-08-06,11,203,18880,9.84585843969949
2026-08-06,12,319,18880,9.84585843969949
2026-08-06,13,369,18880,9.84585843969949
2026-08-06,14,182,11200,9.323669057283185
2026-08-06,21,60,4480,8.40737832540903
2026-08-06,22,232,18560,9.828764006340192
2026-08-06,23,256,18560,9.828764006340192
2026-08-07,0,190,18880,9.84585843969949
2026-08-07,1,258,18880,9.84585843969949
2026-08-07,2,167,18880,9.84585843969949
2026-08-07,3,85,9920,9.20230820027892
2026-08-07,14,77,6080,8.712759974960212
2026-08-07,15,298,18880,9.84585843969949
2026-08-07,16,377,18560,9.828764006340192
2026-08-07,17,318,18880,9.84585843969949
2026-08-07,18,478,18880,9.84585843969949
2026-08-07,19,68,3200,8.070906088787819
2026-08-07,22,210,18240,9.811372263628323
2026-08-07,23,249,18560,9.828764006340192
2026-08-08,0,302,18560,9.828764006340192
2026-08-08,1,137,16320,9.700146628518098
2026-08-08,2,165,18880,9.84585843969949
2026-08-08,3,219,18880,9.84585843969949
2026-08-08,4,95,7360,8.903815211722922
2026-08-08,15,28,1600,7.3777589082278725
2026-08-08,16,266,18560,9.828764006340192
2026-08-08,17,283,18880,9.84585843969949
2026-08-08,18,273,18560,9.828764006340192
2026-08-08,19,254,18880,9.84585843969949
2026-08-08,20,15,960,6.866933284461882
2026-08-08,21,198,13440,9.50599061407714
2026-08-08,22,240,18560,9.828764006340192
2026-08-08,23,262,18560,9.828764006340192
2026-08-09,0,234,18880,9.84585843969949
2026-08-09,1,242,18880,9.84585843969949
2026-08-09,2,187,18880,9.84585843969949
2026-08-09,3,164,18880,9.84585843969949
2026-08-09,4,42,7040,8.859363449152088
2026-08-09,12,190,14080,9.552510629712033
2026-08-09,13,282,18880,9.84585843969949
2026-08-09,14,304,18560,9.828764006340192
2026-08-09,15,260,18880,9.84585843969949
2026-08-09,16,359,18880,9.84585843969949
2026-08-09,17,217,18560,9.828764006340192
2026-08-09,18,276,18560,9.828764006340192
2026-08-09,19,284,18880,9.84585843969949
2026-08-09,20,275,14720,9.596962392282867
2026-08-09,22,243,17280,9.757305042358047
2026-08-09,23,191,18880,9.84585843969949
2026-08-10,0,144,18560,9.828764006340192
2026-08-10,1,153,18560,9.828764006340192
2026-08-10,2,158,18880,9.84585843969949
2026-08-10,3,141,18880,9.84585843969949
2026-08-10,4,143,18880,9.84585843969949
2026-08-10,5,11,1600,7.3777589082278725
2026-08-10,12,109,10240,9.234056898593499
2026-08-10,13,209,18560,9.828764006340192
2026-08-10,14,249,18880,9.84585843969949
2026-08-10,15,200,18880,9.84585843969949
2026-08-10,16,223,18560,9.828764006340192
2026-08-10,17,69,3840,8.253227645581772
2026-08-10,20,242,12800,9.457200449907708
2026-08-10,21,275,18880,9.84585843969949
2026-08-10,22,224,18560,9.828764006340192
2026-08-10,23,195,18880,9.84585843969949
2026-08-11,0,218,18560,9.828764006340192
2026-08-11,1,203,18880,9.84585843969949
2026-08-11,2,143,18880,9.84585843969949
2026-08-11,3,178,18880,9.84585843969949
2026-08-11,4,77,7680,8.946374826141717
2026-08-11,11,29,2560,7.847762537473608
2026-08-11,12,237,18880,9.84585843969949
2026-08-11,13,290,18880,9.84585843969949
2026-08-11,14,205,18560,9.828764006340192
2026-08-11,15,207,18880,9.84585843969949
2026-08-11,16,229,18560,9.828764006340192
2026-08-11,17,357,18880,9.84585843969949
2026-08-11,18,76,4800,8.476371196895983
2026-08-11,22,224,18560,9.828764006340192
2026-08-11,23,146,18560,9.828764006340192
2026-08-12,0,155,15680,9.660141293904399
2026-08-12,10,232,14720,9.596962392282867
2026-08-12,11,181,18560,9.828764006340192
2026-08-12,12,196,18560,9.828764006340192
2026-08-12,13,304,18880,9.84585843969949
2026-08-12,14,116,14080,9.552510629712033
2026-08-13,4,12,4160,8.333270353255308
2026-08-13,5,255,18560,9.828764006340192
2026-08-13,6,210,18880,9.84585843969949
2026-08-13,7,86,7680,8.946374826141717
2026-08-13,16,20,4160,8.333270353255308
2026-08-13,17,188,18880,9.84585843969949
2026-08-13,18,293,18560,9.828764006340192
2026-08-13,19,204,18560,9.828764006340192
2026-08-13,20,6,2240,7.7142311448490855
2026-08-13,22,193,16320,9.700146628518098
2026-08-13,23,156,18560,9.828764006340192
2026-08-14,0,220,18880,9.84585843969949
2026-08-14,1,181,18880,9.84585843969949
2026-08-14,2,229,18880,9.84585843969949
2026-08-14,3,105,11520,9.351839934249883
2026-08-14,11,0,320,5.768320995793772
2026-08-14,12,282,18880,9.84585843969949
2026-08-14,13,274,18560,9.828764006340192
2026-08-14,14,306,18880,9.84585843969949
2026-08-14,15,288,18560,9.828764006340192
2026-08-14,16,210,18880,9.84585843969949
2026-08-14,17,44,3840,8.253227645581772
2026-08-14,18,307,18560,9.828764006340192
2026-08-14,19,256,18880,9.84585843969949
2026-08-14,20,118,5760,8.658692753689937
2026-08-16,2,90,10880,9.294681520409934
2026-08-16,3,212,18880,9.84585843969949
2026-08-16,4,144,18880,9.84585843969949
2026-08-16,5,47,3840,8.253227645581772
2026-08-16,13,257,17280,9.757305042358047
2026-08-16,14,200,18880,9.84585843969949
2026-08-16,15,184,18880,9.84585843969949
2026-08-16,16,233,18880,9.84585843969949
2026-08-16,17,225,18240,9.811372263628323
2026-08-16,18,224,18560,9.828764006340192
2026-08-16,19,320,18880,9.84585843969949
2026-08-16,20,278,18880,9.84585843969949
2026-08-16,21,176,18240,9.811372263628323
2026-08-16,22,134,18560,9.828764006340192
2026-08-16,23,137,18880,9.84585843969949
2026-08-17,0,80,7040,8.859363449152088
2026-08-17,13,268,15040,9.618468597503831
2026-08-17,14,286,18880,9.84585843969949
2026-08-17,15,206,18560,9.828764006340192
2026-08-17,16,139,10560,9.264828557260252
2026-08-17,19,61,4480,8.40737832540903
2026-08-17,20,310,18880,9.84585843969949
2026-08-17,21,254,18880,9.84585843969949
2026-08-17,22,37,2240,7.7142311448490855
2026-08-18,11,214,13760,9.529521111487334
2026-08-18,12,315,18880,9.84585843969949
2026-08-18,13,302,18880,9.84585843969949
2026-08-18,14,306,18880,9.84585843969949
2026-08-18,15,110,9280,9.135616825780247
2026-08-23,1,110,14720,9.596962392282867
2026-08-23,2,99,18560,9.828764006340192
2026-08-23,3,88,10880,9.294681520409934
2026-08-24,16,304,12160,9.405907155520158
2026-08-24,17,547,18880,9.84585843969949
2026-08-24,18,367,18560,9.828764006340192
2026-08-24,19,400,18560,9.828764006340192
2026-08-24,20,323,18880,9.84585843969949
2026-08-24,21,55,3840,8.253227645581772
2026-09-01,18,884,17600,9.775654181026242
2026-09-01,19,739,18880,9.84585843969949
2026-09-01,20,233,6720,8.812843433517195
2026-09-02,23,27,2880,7.965545573129992
2026-09-03,0,209,18880,9.84585843969949
2026-09-03,1,149,18880,9.84585843969949
2026-09-03,2,129,17920,9.793672686528922
2026-09-03,11,195,16320,9.700146628518098
2026-09-03,12,361,18560,9.828764006340192
2026-09-03,13,301,14720,9.596962392282867
2026-09-05,17,82,4800,8.476371196895983
2026-09-05,18,340,18880,9.84585843969949
2026-09-05,19,482,18560,9.828764006340192
2026-09-05,20,190,9280,9.135616825780247
2026-09-06,0,24,2240,7.7142311448490855
2026-09-06,1,212,18880,9.84585843969949
2026-09-06,2,125,18880,9.84585843969949
2026-09-06,3,105,18880,9.84585843969949
2026-09-06,4,77,10880,9.294681520409934
2026-09-06,21,185,13760,9.529521111487334
2026-09-06,22,278,18880,9.84585843969949
2026-09-06,23,252,18880,9.84585843969949
2026-09-07,0,131,18560,9.828764006340192
2026-09-07,1,71,8320,9.026417533815254
2026-09-07,12,318,17600,9.775654181026242
2026-09-07,13,300,18880,9.84585843969949
2026-09-07,14,423,18560,9.828764006340192
2026-09-07,15,536,18880,9.84585843969949
2026-09-07,16,665,18880,9.84585843969949
2026-09-07,17,611,18880,9.84585843969949
2026-09-07,18,997,18560,9.828764006340192
2026-09-07,19,361,8000,8.987196820661973
2026-09-07,21,209,11840,9.379238908437996
2026-09-07,22,271,18880,9.84585843969949
2026-09-07,23,201,18560,9.828764006340192
2026-09-08,0,99,13440,9.50599061407714
2026-09-09,11,255,15040,9.618468597503831
2026-09-09,12,330,18880,9.84585843969949
2026-09-09,13,110,14400,9.574983485564092
2026-09-09,15,231,15360,9.639522006701663
2026-09-09,16,475,18880,9.84585843969949
2026-09-09,17,520,18560,9.828764006340192
2026-09-09,18,815,18560,9.828764006340192
2026-09-09,19,25,640,6.461468176353717
2026-09-10,13,331,17920,9.793672686528922
2026-09-10,14,392,18880,9.84585843969949
2026-09-10,15,184,7680,8.946374826141717
2026-09-11,10,45,2560,7.847762537473608
2026-09-11,11,211,18560,9.828764006340192
2026-09-11,12,353,18880,9.84585843969949
2026-09-11,13,357,18560,9.828764006340192
2026-09-11,14,20,1920,7.560080465021827
2026-09-13,19,61,4480,8.40737832540903
2026-09-13,20,323,18880,9.84585843969949
2026-09-13,21,204,18560,9.828764006340192
2026-09-13,22,224,18880,9.84585843969949
2026-09-13,23,79,8960,9.100525505968976
2026-09-14,14,72,4785,8.473241303887054
2026-09-14,15,362,18821,9.842728546690564
2026-09-14,16,367,18502,9.825634113331263
2026-09-14,17,146,4466,8.404248432400102
2026-09-15,12,47,2233,7.711101251840158
2026-09-15,13,416,18821,9.842728546690564
2026-09-15,14,459,18502,9.825634113331263
2026-09-15,15,401,18821,9.842728546690564
2026-09-15,16,413,17545,9.772524288017316
2026-09-16,9,151,6380,8.760923376338836
2026-09-16,10,290,18502,9.825634113331263
2026-09-16,11,288,18502,9.825634113331263
2026-09-16,12,452,18502,9.825634113331263
2026-09-16,13,468,18821,9.842728546690564
2026-09-16,14,361,18821,9.842728546690564
2026-09-16,15,240,12760,9.454070556898781
2026-09-16,18,882,18183,9.808242370619395
2026-09-16,19,655,18502,9.825634113331263
2026-09-16,20,498,18821,9.842728546690564
2026-09-16,21,341,18821,9.842728546690564
2026-09-16,22,201,18502,9.825634113331263
2026-09-16,23,16,1595,7.374629015218945
2026-09-17,8,343,15950,9.67721410821299
2026-09-17,9,538,18502,9.825634113331263
2026-09-17,10,270,18821,9.842728546690564
2026-09-17,11,353,18821,9.842728546690564
2026-09-17,12,501,18502,9.825634113331263
2026-09-17,13,577,18502,9.825634113331263
2026-09-17,14,500,19140,9.859535665006945
2026-09-17,15,233,9251,9.132486932771318
2026-09-17,22,194,15312,9.636392113692736
2026-09-17,23,209,18502,9.825634113331263
2026-09-18,0,183,18821,9.842728546690564
2026-09-18,1,198,18502,9.825634113331263
2026-09-18,2,88,9570,9.166388484447
