class,intensity_idx,n_pairs,mean_delta_cost_pre,mean_delta_cost_post,mean_recovered,ci_low,ci_high,recovered_share
class2_frozen,0,5,0.0,-15.048500000000786,15.048500000000786,15.048500000000786,15.048500000000786,
class2_frozen,1,5,0.0,-15.048500000000786,15.048500000000786,15.048500000000786,15.048500000000786,
class2_frozen,2,5,0.0,-15.048500000000786,15.048500000000786,15.048500000000786,15.048500000000786,
class2_frozen,3,5,0.0,-15.048500000000786,15.048500000000786,15.048500000000786,15.048500000000786,
class4_capacity,0,5,0.0,0.0,0.0,0.0,0.0,
class4_capacity,1,5,0.0,0.0,0.0,0.0,0.0,
class4_capacity,2,5,0.0,0.0,0.0,0.0,0.0,
class4_capacity,3,5,0.0,0.0,0.0,0.0,0.0,
class5_jump,0,5,1092.030716666665,108.02424999999639,984.0064666666688,858.0226333333354,1097.974133333336,0.9010794766563603
class5_jump,1,5,2238.0339499999973,102.04364999999525,2135.990300000002,1961.9822166666686,2330.936950000003,0.9544047801419655
class5_jump,2,5,3759.017783333332,165.0355666666619,3593.982216666671,3425.983833333337,3797.9191666666693,0.9560960931341179
class5_jump,3,5,6033.282916666665,201.04688333332888,5832.236033333336,5616.2473500000015,6030.215016666671,0.9666770336962077
