period_id,day,start_utc,end_utc,duration_h,polls,stations,observations,jump_rows_excluded,frozen_rows_flagged_kept,observations_clean,observations_forecastable,critical_observations,label_positive
P000,2026-07-25,2026-07-25 20:03:45+00:00,2026-07-26 02:17:45+00:00,6.233,368,320,117760,1382,50725,116378,72092,36160,23265
P001,2026-07-26,2026-07-26 10:08:30+00:00,2026-07-26 14:39:15+00:00,4.513,266,320,85120,1038,22234,84082,40349,22477,11113
P002,2026-07-26,2026-07-26 18:04:45+00:00,2026-07-26 20:56:45+00:00,2.867,169,320,54080,572,16710,53508,10233,15372,3032
P003,2026-07-29,2026-07-29 07:58:00+00:00,2026-07-29 12:41:30+00:00,4.725,278,320,88960,1775,16227,87185,43159,13540,5942
P004,2026-07-29,2026-07-29 13:36:30+00:00,2026-07-29 16:21:30+00:00,2.75,163,320,52160,1055,11161,51105,7750,5858,873
P005,2026-07-29,2026-07-29 20:46:00+00:00,2026-07-30 00:48:45+00:00,4.046,238,320,76160,773,28847,75387,31783,27480,11569
P006,2026-07-30,2026-07-30 07:37:30+00:00,2026-07-30 10:36:30+00:00,2.983,176,320,56320,963,11851,55357,11855,8313,1723
P007,2026-07-30,2026-07-30 13:17:45+00:00,2026-07-30 16:06:15+00:00,2.808,166,320,53120,1112,12379,52008,8714,7015,1292
P008,2026-07-30,2026-07-30 20:08:30+00:00,2026-07-30 22:24:30+00:00,2.267,134,320,42880,612,14705,42268,0,13924,0
P009,2026-07-31,2026-07-31 09:16:45+00:00,2026-07-31 13:20:15+00:00,4.058,240,320,76800,1424,17180,75376,31597,12658,5866
P010,2026-08-02,2026-08-02 09:51:45+00:00,2026-08-02 12:15:45+00:00,2.4,141,320,45120,749,16854,44371,1346,9173,291
P011,2026-08-02,2026-08-02 19:32:30+00:00,2026-08-02 22:28:30+00:00,2.933,172,320,54981,627,22190,54354,11089,13841,2949
P012,2026-08-04,2026-08-04 12:29:45+00:00,2026-08-04 15:50:15+00:00,3.342,197,320,63040,936,17586,62104,18629,7045,2058
P013,2026-08-04,2026-08-04 20:23:45+00:00,2026-08-04 23:01:00+00:00,2.621,155,320,49600,517,20275,49083,5905,11342,1423
P014,2026-08-05,2026-08-05 11:25:00+00:00,2026-08-05 14:00:45+00:00,2.596,153,320,48960,679,14604,48281,5074,6163,653
P015,2026-08-05,2026-08-05 20:13:15+00:00,2026-08-05 22:38:00+00:00,2.413,142,320,45440,428,18095,45012,1913,9132,433
P016,2026-08-06,2026-08-06 08:29:15+00:00,2026-08-06 12:35:45+00:00,4.108,242,320,77440,1180,22142,76260,32587,9786,4155
P017,2026-08-06,2026-08-06 19:46:15+00:00,2026-08-07 01:31:00+00:00,5.746,338,320,108160,1248,52900,106912,62847,22930,13522
P018,2026-08-07,2026-08-07 12:41:00+00:00,2026-08-07 17:09:45+00:00,4.479,264,320,84480,1616,20339,82864,38922,10955,5679
P019,2026-08-07,2026-08-07 20:01:30+00:00,2026-08-07 23:14:45+00:00,3.221,187,320,59840,816,27167,59024,15745,11563,3127
P020,2026-08-07,2026-08-07 23:22:45+00:00,2026-08-08 02:22:45+00:00,3.0,178,320,56960,561,38211,56399,13172,11178,2571
P021,2026-08-08,2026-08-08 13:55:45+00:00,2026-08-08 18:02:15+00:00,4.108,242,320,77440,1119,27173,76321,32677,12207,5038
P022,2026-08-08,2026-08-08 19:17:15+00:00,2026-08-09 02:22:00+00:00,7.079,416,320,133120,1569,69547,131551,87037,22497,15198
P023,2026-08-09,2026-08-09 10:15:00+00:00,2026-08-09 18:46:45+00:00,8.529,500,320,160000,2447,54857,157553,112356,26027,19026
P024,2026-08-09,2026-08-09 20:04:30+00:00,2026-08-10 03:04:00+00:00,6.992,411,320,131520,1184,76574,130336,86173,25022,16436
P025,2026-08-10,2026-08-10 10:28:00+00:00,2026-08-10 15:11:45+00:00,4.729,278,320,88960,1059,32178,87901,44125,7052,3936
P026,2026-08-10,2026-08-10 18:18:45+00:00,2026-08-11 02:24:00+00:00,8.088,475,320,152000,1755,77367,150245,105454,23443,16726
P027,2026-08-11,2026-08-11 09:51:45+00:00,2026-08-11 16:14:45+00:00,6.383,375,320,120000,1630,39867,118370,74151,14252,9384
P028,2026-08-11,2026-08-11 20:00:30+00:00,2026-08-11 22:51:00+00:00,2.842,165,320,52800,525,24974,52275,8999,6655,1203
P029,2026-08-12,2026-08-12 08:13:00+00:00,2026-08-12 12:45:00+00:00,4.533,265,320,84800,1029,30221,83771,40041,7834,3768
P030,2026-08-13,2026-08-13 02:47:15+00:00,2026-08-13 05:24:00+00:00,2.612,154,320,49280,563,35260,48717,5576,5181,500
P031,2026-08-13,2026-08-13 14:46:45+00:00,2026-08-13 18:06:15+00:00,3.325,195,320,62400,711,17103,61689,18317,5511,1816
P032,2026-08-13,2026-08-13 20:08:45+00:00,2026-08-14 01:36:15+00:00,5.458,322,320,103040,1084,55298,101956,58063,11572,6700
P033,2026-08-14,2026-08-14 09:59:00+00:00,2026-08-14 15:06:45+00:00,5.129,301,320,96320,1391,32815,94929,50841,8493,4680
P034,2026-08-14,2026-08-14 15:55:30+00:00,2026-08-14 18:18:15+00:00,2.379,140,320,44800,694,15503,44106,1083,3844,93
P035,2026-08-16,2026-08-16 00:25:45+00:00,2026-08-16 03:11:45+00:00,2.767,164,320,52480,493,36903,51987,8816,6279,1093
P036,2026-08-16,2026-08-16 11:04:45+00:00,2026-08-16 15:56:15+00:00,4.858,286,320,91520,1095,39739,90425,46704,11900,5927
P037,2026-08-16,2026-08-16 15:58:30+00:00,2026-08-16 22:21:45+00:00,6.388,374,320,119680,1349,52377,118331,73720,15892,10599
P038,2026-08-17,2026-08-17 11:12:30+00:00,2026-08-17 14:32:45+00:00,3.337,197,320,63040,899,23539,62141,18691,7085,2096
P039,2026-08-17,2026-08-17 17:45:45+00:00,2026-08-17 20:07:00+00:00,2.354,139,320,44480,662,16178,43818,883,5188,109
P040,2026-08-18,2026-08-18 09:16:00+00:00,2026-08-18 13:29:30+00:00,4.225,249,320,79680,1247,26267,78433,34644,8455,3960
P041,2026-08-22,2026-08-22 23:12:15+00:00,2026-08-23 01:33:30+00:00,2.354,138,320,44160,297,28191,43863,819,8987,162
P042,2026-08-24,2026-08-24 14:21:30+00:00,2026-08-24 19:11:45+00:00,4.838,284,320,90880,1996,15036,88884,44366,14232,8044
P043,2026-09-01,2026-09-01 16:04:00+00:00,2026-09-01 18:21:15+00:00,2.288,135,320,43200,1856,3078,41344,0,6338,0
P044,2026-09-02,2026-09-02 21:51:00+00:00,2026-09-03 00:56:15+00:00,3.087,183,320,58560,514,24910,58046,14720,18405,4840
P045,2026-09-03,2026-09-03 09:08:30+00:00,2026-09-03 11:46:00+00:00,2.625,155,320,49600,857,10112,48743,5484,7512,707
P046,2026-09-05,2026-09-05 15:44:45+00:00,2026-09-05 18:28:15+00:00,2.725,161,320,51520,1094,7842,50426,7107,9875,1498
P047,2026-09-05,2026-09-05 22:53:30+00:00,2026-09-06 02:34:00+00:00,3.675,218,320,69760,543,33477,69217,25751,18703,7214
P048,2026-09-06,2026-09-06 19:16:45+00:00,2026-09-06 23:26:15+00:00,4.158,245,320,78400,917,23599,77483,33749,21628,9820
P049,2026-09-07,2026-09-07 10:04:15+00:00,2026-09-07 17:24:30+00:00,7.338,432,320,138240,4211,14922,134029,88279,29224,17348
P050,2026-09-07,2026-09-07 19:22:30+00:00,2026-09-07 22:41:45+00:00,3.321,196,320,62720,780,18171,61940,18411,23537,7211
P051,2026-09-09,2026-09-09 09:12:00+00:00,2026-09-09 11:45:30+00:00,2.558,151,320,48320,695,10351,47625,4409,9793,775
P052,2026-09-09,2026-09-09 13:11:15+00:00,2026-09-09 17:00:45+00:00,3.825,225,320,72000,2066,9725,69934,26136,12067,4610
P053,2026-09-10,2026-09-10 11:03:15+00:00,2026-09-10 13:24:00+00:00,2.346,139,320,44480,907,6526,43573,601,6511,106
P054,2026-09-11,2026-09-11 08:52:00+00:00,2026-09-11 12:05:45+00:00,3.229,189,320,60480,986,9310,59494,16095,9238,2558
P055,2026-09-13,2026-09-13 17:46:00+00:00,2026-09-13 21:28:15+00:00,3.704,218,320,69760,891,15714,68869,25222,21155,8168
P056,2026-09-14,2026-09-14 12:44:45+00:00,2026-09-14 15:13:30+00:00,2.479,146,319,46574,947,7159,45627,2604,8420,416
P057,2026-09-15,2026-09-15 10:53:00+00:00,2026-09-15 14:56:15+00:00,4.054,238,319,75922,1736,8001,74186,30353,15445,5958
P058,2026-09-16,2026-09-16 07:40:00+00:00,2026-09-16 13:40:15+00:00,6.004,352,319,112288,2250,10505,110038,65493,25304,13922
P059,2026-09-16,2026-09-16 16:02:45+00:00,2026-09-16 21:04:15+00:00,5.025,296,319,94424,2593,8943,91831,46860,29895,18402
P060,2026-09-17,2026-09-17 06:09:45+00:00,2026-09-17 13:29:15+00:00,7.325,431,319,137489,3315,12341,134174,88062,22288,13253
P061,2026-09-17,2026-09-17 20:11:30+00:00,2026-09-18 00:29:30+00:00,4.3,253,319,80707,872,26400,79835,36295,40157,17866
