experiment_id,class,intensity_idx,seed,n_rows,flip_rate,forecast_error,delta_cost,delta_cost_recovered,recovery_rate
class1_dropout__i0__seed0,class1_dropout,0,0,4283632,1.8675740586492957e-06,2.5324457396636805e-12,15.0,,
class1_dropout__i0__seed1,class1_dropout,0,1,4283632,0.0,5.295875266658373e-10,0.0,,
class1_dropout__i0__seed2,class1_dropout,0,2,4283632,1.6341273013181337e-06,0.0,0.056583333331218455,,
class1_dropout__i0__seed3,class1_dropout,0,3,4283632,0.0,0.0,0.0,,
class1_dropout__i0__seed4,class1_dropout,0,4,4283632,0.0,0.0,0.0,,
class1_dropout__i1__seed0,class1_dropout,1,0,4283632,6.3030624479413735e-06,0.0,15.0,,
class1_dropout__i1__seed1,class1_dropout,1,1,4283632,0.0,0.0,0.0,,
class1_dropout__i1__seed2,class1_dropout,1,2,4283632,5.602722175947887e-06,0.0,0.19399999999586726,,
class1_dropout__i1__seed3,class1_dropout,1,3,4283632,0.0,0.0,0.0,,
class1_dropout__i1__seed4,class1_dropout,1,4,4283632,0.0,0.0,0.0,,
class1_dropout__i2__seed0,class1_dropout,2,0,4283632,2.754671736507711e-05,0.0,15.69516666666459,,
class1_dropout__i2__seed1,class1_dropout,2,1,4283632,0.0,0.0,0.0,,
class1_dropout__i2__seed2,class1_dropout,2,2,4283632,2.2644335461122712e-05,0.0,30.78408333333209,,
class1_dropout__i2__seed3,class1_dropout,2,3,4283632,0.0,0.0,0.0,,
class1_dropout__i2__seed4,class1_dropout,2,4,4283632,0.0,0.0,0.0,,
class1_dropout__i3__seed0,class1_dropout,3,0,4283632,7.587019613262764e-05,0.0,47.57050000000163,,
class1_dropout__i3__seed1,class1_dropout,3,1,4283632,0.0,0.0,0.0,,
class1_dropout__i3__seed2,class1_dropout,3,2,4283632,5.46265412154919e-05,0.0,31.891499999997905,,
class1_dropout__i3__seed3,class1_dropout,3,3,4283632,0.0,0.0,0.0,,
class1_dropout__i3__seed4,class1_dropout,3,4,4283632,0.0,0.0,0.0,,
class2_frozen__i0__seed0,class2_frozen,0,0,4283632,0.0,1.1716018299629591e-11,0.0,163.43183333333582,
class2_frozen__i0__seed1,class2_frozen,0,1,4283632,0.0,0.0,0.0,164.9514999999992,
class2_frozen__i0__seed2,class2_frozen,0,2,4283632,0.0,0.0,0.0,164.9514999999992,
class2_frozen__i0__seed3,class2_frozen,0,3,4283632,0.0,0.0,0.0,164.9514999999992,
class2_frozen__i0__seed4,class2_frozen,0,4,4283632,0.0,0.0,0.0,164.9514999999992,
class2_frozen__i1__seed0,class2_frozen,1,0,4283632,0.0,7.511053061924055e-11,0.0,164.9514999999992,
class2_frozen__i1__seed1,class2_frozen,1,1,4283632,0.0,3.982122604010935e-09,0.0,164.9514999999992,
class2_frozen__i1__seed2,class2_frozen,1,2,4283632,0.0,0.0,0.0,164.9514999999992,
class2_frozen__i1__seed3,class2_frozen,1,3,4283632,0.0,0.0,0.0,164.9514999999992,
class2_frozen__i1__seed4,class2_frozen,1,4,4283632,0.0,0.0,0.0,164.9514999999992,
class2_frozen__i2__seed0,class2_frozen,2,0,4283632,0.0,1.3147821486128267e-10,0.0,164.9514999999992,
class2_frozen__i2__seed1,class2_frozen,2,1,4283632,0.0,2.34046737132898e-08,0.0,164.9514999999992,
class2_frozen__i2__seed2,class2_frozen,2,2,4283632,0.0,1.2777138911897706e-09,0.0,164.9514999999992,
class2_frozen__i2__seed3,class2_frozen,2,3,4283632,0.0,0.0,0.0,164.9514999999992,
class2_frozen__i2__seed4,class2_frozen,2,4,4283632,0.0,0.0,0.0,164.9514999999992,
class2_frozen__i3__seed0,class2_frozen,3,0,4283632,0.0,1.997010625134013e-10,0.0,164.9514999999992,
class2_frozen__i3__seed1,class2_frozen,3,1,4283632,0.0,2.5301628568129202e-08,0.0,164.9514999999992,
class2_frozen__i3__seed2,class2_frozen,3,2,4283632,0.0,1.8912074660523937e-08,0.0,164.9514999999992,
class2_frozen__i3__seed3,class2_frozen,3,3,4283632,0.0,0.0,0.0,164.9514999999992,
class2_frozen__i3__seed4,class2_frozen,3,4,4283632,0.0,2.9230916034389566e-08,0.0,164.9514999999992,
class3_stale__i0__seed0,class3_stale,0,0,4283632,4.202041631960915e-06,0.0,210.0,,
class3_stale__i0__seed1,class3_stale,0,1,4283632,0.0,1.3220784696783635e-08,0.0,,
class3_stale__i0__seed2,class3_stale,0,2,4283632,2.3344675733116196e-07,3.191307022610863e-08,0.0,,
class3_stale__i0__seed3,class3_stale,0,3,4283632,0.0,6.092931411181999e-08,0.0,,
class3_stale__i0__seed4,class3_stale,0,4,4283632,0.0,6.577309098662376e-08,0.0,,
class3_stale__i1__seed0,class3_stale,1,0,4283632,1.1438891109226937e-05,6.18883761094435e-08,135.0,,
class3_stale__i1__seed1,class3_stale,1,1,4283632,0.0,1.701031958840094e-07,0.0,,
class3_stale__i1__seed2,class3_stale,1,2,4283632,2.3344675733116196e-07,2.8756927955809906e-07,0.0,,
class3_stale__i1__seed3,class3_stale,1,3,4283632,0.0,5.084307790846697e-07,0.0,,
class3_stale__i1__seed4,class3_stale,1,4,4283632,0.0,5.316668753094392e-07,0.0,,
class3_stale__i2__seed0,class3_stale,2,0,4283632,1.5174039226525529e-05,3.1198710677767166e-07,45.0,,
class3_stale__i2__seed1,class3_stale,2,1,4283632,0.0,1.0803479812423411e-06,0.0,,
class3_stale__i2__seed2,class3_stale,2,2,4283632,7.003402719934859e-06,1.6357011684627187e-06,0.0,,
class3_stale__i2__seed3,class3_stale,2,3,4283632,0.0,3.0715508976051996e-06,0.0,,
class3_stale__i2__seed4,class3_stale,2,4,4283632,0.0,4.353423211994716e-06,0.0,,
class3_stale__i3__seed0,class3_stale,3,0,4283632,0.0,2.0368161451697807e-06,0.0,,
class3_stale__i3__seed1,class3_stale,3,1,4283632,0.0,1.3235835028587898e-05,0.0,,
class3_stale__i3__seed2,class3_stale,3,2,4283632,0.00011088720973230193,1.5395106621621516e-05,-30.0,,
class3_stale__i3__seed3,class3_stale,3,3,4283632,0.0,2.7575135917170435e-05,0.0,,
class3_stale__i3__seed4,class3_stale,3,4,4283632,0.0,3.351641217266278e-05,0.0,,
class4_capacity__i0__seed0,class4_capacity,0,0,4283632,0.0,1.8659929805883098e-08,0.0,0.0,
class4_capacity__i0__seed1,class4_capacity,0,1,4283632,0.0,3.827260844621384e-07,0.0,0.0,
class4_capacity__i0__seed2,class4_capacity,0,2,4283632,0.0,2.9469314743569356e-07,0.0,0.0,
class4_capacity__i0__seed3,class4_capacity,0,3,4283632,0.0,4.2000278126064393e-07,0.0,0.0,
class4_capacity__i0__seed4,class4_capacity,0,4,4283632,0.0,1.498177073923176e-07,0.0,0.0,
class4_capacity__i1__seed0,class4_capacity,1,0,4283632,0.0,4.9637471796412985e-08,0.0,0.0,
class4_capacity__i1__seed1,class4_capacity,1,1,4283632,0.0,8.877450254386498e-07,0.0,0.0,
class4_capacity__i1__seed2,class4_capacity,1,2,4283632,0.0,7.775941938940506e-07,0.0,0.0,
class4_capacity__i1__seed3,class4_capacity,1,3,4283632,0.0,9.713249293244844e-07,0.0,0.0,
class4_capacity__i1__seed4,class4_capacity,1,4,4283632,0.0,3.536613981339442e-07,0.0,0.0,
class4_capacity__i2__seed0,class4_capacity,2,0,4283632,0.0,1.0979406348141336e-07,0.0,0.0,
class4_capacity__i2__seed1,class4_capacity,2,1,4283632,0.0,1.5685427562761768e-06,0.0,0.0,
class4_capacity__i2__seed2,class4_capacity,2,2,4283632,0.0,1.7061096272223512e-06,0.0,0.0,
class4_capacity__i2__seed3,class4_capacity,2,3,4283632,0.0,1.709144326423154e-06,0.0,0.0,
class4_capacity__i2__seed4,class4_capacity,2,4,4283632,0.0,6.407923427651135e-07,0.0,0.0,
class4_capacity__i3__seed0,class4_capacity,3,0,4283632,0.0,2.667411488976991e-07,0.0,0.0,
class4_capacity__i3__seed1,class4_capacity,3,1,4283632,0.0,2.4704464089412856e-06,0.0,0.0,
class4_capacity__i3__seed2,class4_capacity,3,2,4283632,2.4278462762440845e-05,4.125938829730056e-06,-15.0,-15.0,-0.0
class4_capacity__i3__seed3,class4_capacity,3,3,4283632,0.0,2.6760957579521593e-06,0.0,0.0,
class4_capacity__i3__seed4,class4_capacity,3,4,4283632,0.0,1.0476994541270245e-06,0.0,0.0,
class5_jump__i0__seed0,class5_jump,0,0,4283632,7.470296234597184e-05,0.0011079405958356208,3629.983833333343,195.0161666666645,0.9462762988430213
class5_jump__i0__seed1,class5_jump,0,1,4283632,5.8361689332790494e-05,0.0011084590300349858,2760.040416666674,120.02424999999857,0.9565135897013591
class5_jump__i0__seed2,class5_jump,0,2,4283632,7.190160125799789e-05,0.0011073081690638699,3269.991916666673,270.00808333333043,0.9174285165791577
class5_jump__i0__seed3,class5_jump,0,3,4283632,7.143470774333556e-05,0.0011022733516266943,3555.03233333334,375.0565833333312,0.8944998109253023
class5_jump__i0__seed4,class5_jump,0,4,4283632,6.723266611137465e-05,0.0011108873804840573,3165.1050833333393,150.0161666666645,0.9526031007764599
class5_jump__i1__seed0,class5_jump,1,0,4283632,0.00015010626496393713,0.0026119092855408717,7515.040416666674,255.02424999999857,0.9660648198997823
class5_jump__i1__seed1,class5_jump,1,1,4283632,0.0001325977581641,0.0026152396852440517,7020.048500000008,225.0646666666653,0.9679397276718722
class5_jump__i1__seed2,class5_jump,1,2,4283632,0.00015010626496393713,0.0026125057213723024,7379.959583333341,360.04849999999715,0.9512126731949699
class5_jump__i1__seed3,class5_jump,1,3,4283632,0.00014893903117728133,0.0025982964791657318,7829.983833333343,360.0646666666653,0.9540146347258318
class5_jump__i1__seed4,class5_jump,1,4,4283632,0.00014263596872933997,0.002621816236627364,7200.137416666676,210.0161666666645,0.9708316446599303
class5_jump__i2__seed0,class5_jump,2,0,4283632,0.00026542896308553115,0.004688500206133344,13515.024250000006,554.9757499999978,0.9589363851862864
class5_jump__i2__seed1,class5_jump,2,1,4283632,0.00024908769007234984,0.00469627948911336,13275.088916666671,465.07274999999936,0.964966505842676
class5_jump__i2__seed2,class5_jump,2,2,4283632,0.00025375662521897306,0.004691126358815094,12659.911083333336,645.0484999999971,0.949047943879385
class5_jump__i2__seed3,class5_jump,2,3,4283632,0.00027289925932012836,0.00466250799033579,14414.95958333334,570.0646666666653,0.9604532594509819
class5_jump__i2__seed4,class5_jump,2,4,4283632,0.0002572583265789405,0.004709750291113008,13500.10508333334,375.0161666666645,0.9722212409198471
class5_jump__i3__seed0,class5_jump,3,0,4283632,0.00040176186936692973,0.0070500979533432,20895.23441666667,749.9757499999978,0.9641078087450508
class5_jump__i3__seed1,class5_jump,3,1,4283632,0.00039872706152162463,0.007068390342694079,21585.37991666667,630.105083333332,0.9708087100729318
class5_jump__i3__seed2,class5_jump,3,2,4283632,0.000396392593948313,0.00705828645786303,20400.27483333334,825.0565833333312,0.9595565946991451
class5_jump__i3__seed3,class5_jump,3,3,4283632,0.00042323897104139664,0.007011614612410117,22485.23441666667,750.0808333333334,0.9666411824118074
class5_jump__i3__seed4,class5_jump,3,4,4283632,0.0003959257004336507,0.00708541699420645,21120.29100000001,585.0161666666645,0.9723007525480276
class6_silent__i0__seed0,class6_silent,0,0,4283632,0.0,0.0,27.758166666664692,,0.0
class6_silent__i0__seed1,class6_silent,0,1,4283632,0.0,0.0,44.82208333333256,,0.0
class6_silent__i0__seed2,class6_silent,0,2,4283632,0.0,0.0,21.946250000000873,,0.0
class6_silent__i0__seed3,class6_silent,0,3,4283632,0.0,0.0,15.37449999999808,,0.0
class6_silent__i0__seed4,class6_silent,0,4,4283632,0.0,0.0,29.253583333333154,,0.0
class6_silent__i1__seed0,class6_silent,1,0,4283632,0.0,0.0,61.0210833333349,,0.0
class6_silent__i1__seed1,class6_silent,1,1,4283632,0.0,0.0,83.9777499999982,,0.0
class6_silent__i1__seed2,class6_silent,1,2,4283632,0.0,0.0,53.38233333333301,,0.0
class6_silent__i1__seed3,class6_silent,1,3,4283632,0.0,0.0,36.05975000000035,,0.0
class6_silent__i1__seed4,class6_silent,1,4,4283632,0.0,0.0,66.69558333333589,,0.0
class6_silent__i2__seed0,class6_silent,2,0,4283632,0.0,0.0,112.90799999999945,,0.0
class6_silent__i2__seed1,class6_silent,2,1,4283632,0.0,0.0,136.72149999999965,,0.0
class6_silent__i2__seed2,class6_silent,2,2,4283632,0.0,0.0,120.05366666666669,,0.0
class6_silent__i2__seed3,class6_silent,2,3,4283632,0.0,0.0,75.62766666666539,,0.0
class6_silent__i2__seed4,class6_silent,2,4,4283632,0.0,0.0,135.52516666666634,,0.0
class6_silent__i3__seed0,class6_silent,3,0,4283632,0.0,0.0,220.35975000000144,,0.0
class6_silent__i3__seed1,class6_silent,3,1,4283632,0.0,0.0,243.21941666666498,,0.0
class6_silent__i3__seed2,class6_silent,3,2,4283632,0.0,0.0,256.27399999999943,,0.0
class6_silent__i3__seed3,class6_silent,3,3,4283632,0.0,0.0,182.7480000000014,,0.0
class6_silent__i3__seed4,class6_silent,3,4,4283632,0.0,0.0,249.36275000000023,,0.0
